{"Fabric_Type": {"Blended": 8.284294871794872, "Cotton": 8.231796407185628, "Denim": 8.1073125, "Linen": 8.317222222222222, "Polyester": 8.511975308641976, "Poplin": 8.555130890052355, "Rayon": 8.320416666666667, "Twill": 8.268287292817678, "Viscose": 8.503918128654972}, "Fabric_Pattern": {"Checked": 9.022797427652733, "Floral": 7.813216783216783, "Printed": 7.910431893687708, "Solid": 7.676762589928057, "Striped": 9.15922839506173}}